subject,electrode,usefulness
S01,AF1h,0.432186814566789
S01,AF2h,0.3316635319256157
S01,AF3,0.45757937597341475
S01,AF4h,0.40921040871780917
S01,AF5,0.22825320436629487
S01,AF6,0.4926867054910268
S01,AFF1,0.4283419105971059
S01,AFF2,0.43581929158308613
S01,AFF3h,0.23843408980266378
S01,AFF4h,0.33511578136867015
S01,AFF5h,0.3112394072697744
S01,AFF6h,0.47802949665458055
S01,AFF7h,0.3931595360241994
S01,AFF8h,0.44682848398124897
S01,AFFz,0.33302425964819937
S01,AFp3h,0.2681716165354331
S01,AFpz,0.36637543610475043
S01,C1,0.21914517683125262
S01,C1h,0.4482893515977746
S01,C2,0.38949931973661944
S01,C2h,0.42742632202561215
S01,C3,0.3063577904389605
S01,C3h,0.49120940731847096
S01,C4,0.4679363363966593
S01,C4h,0.43351504912212857
S01,C5,0.25839161235559027
S01,C5h,0.34001630111811026
S01,C6,0.21314112973616864
S01,C6h,0.24628684762026437
S01,CCP1,0.4049146859727364
S01,CCP1h,0.42342864677234515
S01,CCP2,0.490252919730263
S01,CCP2h,0.29774760744144557
S01,CCP3,0.3111379118104607
S01,CCP3h,0.34086674338274237
S01,CCP4h,0.25684140772528574
S01,CCP5,0.23897645160064152
S01,CCP5h,0.3427114778677801
S01,CCP6,0.26807280471526523
S01,CCP6h,0.40094419840475315
S01,CP1,0.47362641859290194
S01,CP1h,0.5022894079559769
S01,CP2,0.5155993348333572
S01,CP2h,0.40710750358272085
S01,CP3,0.5102676807936357
S01,CP4,0.5054632669554319
S01,CP5h,0.4081549456406827
S01,CP6h,0.4331216223933914
S01,CPP1h,0.5143529065159299
S01,CPP2h,0.3852280672428141
S01,CPP3,0.39040855230382954
S01,CPP3h,0.2989468410808308
S01,CPP4h,0.5645536581758603
S01,CPP5,0.4512389353753084
S01,CPP5h,0.47246401326447407
S01,CPP6,0.567161570794864
S01,CPP6h,0.46735644149401817
S01,CPPz,0.4438864329825115
S01,CPz,0.3450160584982026
S01,F1,0.23435902206079204
S01,F1h,0.4005208885371415
S01,F2,0.34132886184293976
S01,F2h,0.3695708319443567
S01,F3h,0.42949965722480765
S01,F4h,0.3904154960001772
S01,F5,0.36607382019739876
S01,F5h,0.3677621482236241
S01,F6,0.29118502941878366
S01,F6h,0.20924535037038183
S01,F7,0.3310152167697087
S01,F8,0.2643754018458588
S01,FC1,0.3225585931173909
S01,FC1h,0.45602092198044986
S01,FC2,0.27018184575960225
S01,FC2h,0.2174908225067198
S01,FC3,0.28441516760659896
S01,FC3h,0.2880781273300051
S01,FC4,0.39857495441806856
S01,FC4h,0.36710964570238347
S01,FC5,0.43516946273192403
S01,FC5h,0.3992940620982163
S01,FC6,0.32191605843202115
S01,FC6h,0.44420611539981036
S01,FCC1h,0.2500918759723112
S01,FCC2,0.20681362194015815
S01,FCC2h,0.22701435823269253
S01,FCC3,0.41670780517893513
S01,FCC3h,0.3385631690754162
S01,FCC4,0.24838153371008054
S01,FCC4h,0.3503134325310091
S01,FCC5h,0.24569363081395054
S01,FCC6h,0.4088961125233208
S01,FCCz,0.3338468826722092
S01,FFC1,0.3143063678289447
S01,FFC1h,0.290453626744363
S01,FFC2,0.38908477793566654
S01,FFC2h,0.30854378316601716
S01,FFC3,0.22629497579483032
S01,FFC3h,0.2354017706361546
S01,FFC4,0.4885692993648544
S01,FFC4h,0.4725742072122821
S01,FFC5,0.40991214014322486
S01,FFC6,0.2797609884378559
S01,FFCz,0.4907529132043172
S01,FFT7h,0.43362527118973837
S01,FFT8h,0.4150670567476987
S01,FT7,0.3348084506431366
S01,FT8,0.2816724685535477
S01,FT9h,0.2289172886460498
S01,FTT10h,0.4707807189631525
S01,FTT7,0.3367328869500833
S01,FTT7h,0.2607090094385691
S01,FTT8,0.29178698724519575
S01,FTT8h,0.37376587068256883
S01,Fp2h,0.2530318348817695
S01,Fpz,0.45698428522771267
S01,I1,0.42755585895056303
S01,I2,0.415838886785281
S01,I2h,0.32962791193253116
S01,Iz,0.38819265221073296
S01,O1,0.47150932723317224
S01,O1h,0.4834629300764814
S01,O2,0.33928962346567776
S01,O2h,0.40138855240126753
S01,OI1h,0.27646109325396345
S01,OI2h,0.4459849731757302
S01,OIz,0.39064730055932406
S01,P1,0.31661425071270144
S01,P10h,0.31777207132827834
S01,P2h,0.4629326166359383
S01,P3,0.33392744700232035
S01,P4,0.5654824434857321
S01,P4h,0.492892676455713
S01,P5,0.38374858881757967
S01,P5h,0.5221604401159591
S01,P6,0.348475963262727
S01,P6h,0.5856588068024415
S01,P7,0.427527151583339
S01,P7h,0.5383640471580862
S01,P8,0.35967504885409407
S01,P8h,0.46125623330745824
S01,P9h,0.477651281101064
S01,PO10h,0.5846201640990689
S01,PO1h,0.4848101786395847
S01,PO2h,0.4208623817353323
S01,PO3h,0.40358201515859715
S01,PO4h,0.3697111585153375
S01,PO5h,0.47568153362331117
S01,PO6h,0.4677453449241034
S01,PO7h,0.2696939076942535
S01,PO8h,0.5593255513124993
S01,PO9h,0.5283578063749235
S01,POO10h,0.36464628952672595
S01,POO3h,0.42466016494406683
S01,POO4h,0.3761667046106957
S01,POO9h,0.4654128209157237
S01,POOz,0.43025815974261056
S01,POz,0.5279152080160802
S01,PPO1,0.5274665847327002
S01,PPO2h,0.5588566580382517
S01,PPO3,0.3618337676850776
S01,PPO3h,0.6194062598230154
S01,PPO4,0.34440253265238296
S01,PPO4h,0.32023135638868483
S01,PPO5,0.42596066057388515
S01,PPO6,0.42289325516114373
S01,PPO7,0.5160660533490029
S01,PPO8,0.5489705027665347
S01,PPOz,0.4023847192501996
S01,T7,0.4858698185209235
S01,T7h,0.2872753514420356
S01,T8,0.3545171387695144
S01,T8h,0.2767895271702808
S01,TP7,0.5800283925722319
S01,TP7h,0.3593416894268667
S01,TP8,0.3565968093867089
S01,TP8h,0.3925024768510237
S01,TPP10h,0.5594230258067622
S01,TPP7,0.526274081067551
S01,TPP7h,0.5403687343411375
S01,TPP8,0.5590985773425954
S01,TPP8h,0.5954661335235433
S01,TPP9h,0.472780649446794
S01,TTP7h,0.2947787155492379
S01,TTP8h,0.4316037296332964
S02,AF1h,0.4287596441211957
S02,AF2h,0.28116048227305274
S02,AF3,0.3092576053316162
S02,AF4h,0.29433199406127886
S02,AF5,0.2472834945874999
S02,AF6,0.2443350117626575
S02,AFF1,0.4808382390127232
S02,AFF2,0.331371211159626
S02,AFF3h,0.31499594683322296
S02,AFF4h,0.4189057126032134
S02,AFF5h,0.36589791957587
S02,AFF6h,0.48084199605153866
S02,AFF7h,0.43409044817281767
S02,AFF8h,0.34381086923736215
S02,AFFz,0.3129078420442479
S02,AFp3h,0.4959894634772966
S02,AFpz,0.415328070801093
S02,C1,0.4853583980011523
S02,C1h,0.23554357316511243
S02,C2,0.45516010375723476
S02,C2h,0.3911221651973623
S02,C3,0.23657650350053377
S02,C3h,0.37647739999076624
S02,C4,0.40582890953163464
S02,C4h,0.20369080576658086
S02,C5,0.33629538855252394
S02,C5h,0.4476198533588963
S02,C6,0.28860770760322696
S02,C6h,0.33756442453956537
S02,CCP1,0.33269423812036797
S02,CCP1h,0.2905782174327475
S02,CCP2,0.47553256865466625
S02,CCP2h,0.43438821062945476
S02,CCP3,0.23317652329883315
S02,CCP3h,0.49911039735127194
S02,CCP4h,0.4637600072923236
S02,CCP5,0.2851725313592117
S02,CCP5h,0.4510689738982815
S02,CCP6,0.23192585956141487
S02,CCP6h,0.4997314191422716
S02,CP1,0.47750763149204245
S02,CP1h,0.5153408512375284
S02,CP2,0.3405091954021661
S02,CP2h,0.6172906144232411
S02,CP3,0.3207356219271452
S02,CP4,0.3699990047751174
S02,CP5h,0.3690498188683913
S02,CP6h,0.5733631694040708
S02,CPP1h,0.38153086283570453
S02,CPP2h,0.6195125904942036
S02,CPP3,0.5250812288720648
S02,CPP3h,0.3475289569746015
S02,CPP4h,0.26303935735697387
S02,CPP5,0.3387387254036984
S02,CPP5h,0.4757864232470551
S02,CPP6,0.545754923498952
S02,CPP6h,0.3869760871364522
S02,CPPz,0.6018041645474788
S02,CPz,0.3656273901891406
S02,F1,0.44028915609250285
S02,F1h,0.4783386290516841
S02,F2,0.43163251973131417
S02,F2h,0.4094362351935912
S02,F3h,0.45139406559661494
S02,F4h,0.21204538986411994
S02,F5,0.2605346332157166
S02,F5h,0.23747710379169293
S02,F6,0.3513592970578959
S02,F6h,0.4235564384986533
S02,F7,0.3890035533729196
S02,F8,0.4553393299285805
S02,FC1,0.2465638977323273
S02,FC1h,0.4203863275805485
S02,FC2,0.25791244726067125
S02,FC2h,0.2812276253953401
S02,FC3,0.4129714091843912
S02,FC3h,0.4940614354696045
S02,FC4,0.3834630817931209
S02,FC4h,0.21635009449738868
S02,FC5,0.38489269097825984
S02,FC5h,0.21270516547405013
S02,FC6,0.46524371341004517
S02,FC6h,0.4128734855301862
S02,FCC1h,0.25193835392675096
S02,FCC2,0.22751630174725943
S02,FCC2h,0.2550599686640957
S02,FCC3,0.49400815386625774
S02,FCC3h,0.33756819273754696
S02,FCC4,0.4352242845024224
S02,FCC4h,0.3909225026323331
S02,FCC5h,0.3717239449875912
S02,FCC6h,0.24353907639951491
S02,FCCz,0.48380733606742854
S02,FFC1,0.29040278975441536
S02,FFC1h,0.37340516474226265
S02,FFC2,0.40993278337671984
S02,FFC2h,0.39476994657359266
S02,FFC3,0.48217832290865553
S02,FFC3h,0.2445316969760174
S02,FFC4,0.3525058215340826
S02,FFC4h,0.3212103172222298
S02,FFC5,0.34225061884478547
S02,FFC6,0.2357652578593234
S02,FFCz,0.2402283829618296
S02,FFT7h,0.2834226637343772
S02,FFT8h,0.2914113811282494
S02,FT7,0.328370964104405
S02,FT8,0.3832962641109885
S02,FT9h,0.3903887352254789
S02,FTT10h,0.3235432689756711
S02,FTT7,0.3226349328286091
S02,FTT7h,0.26528855800908857
S02,FTT8,0.3764918745227025
S02,FTT8h,0.2951122733951714
S02,Fp2h,0.21081795028320913
S02,Fpz,0.32552001324705815
S02,I1,0.3422398025270511
S02,I2,0.2676778604612633
S02,I2h,0.3717373799366347
S02,Iz,0.36973157012957625
S02,O1,0.49983756362529086
S02,O1h,0.5359144206889185
S02,O2,0.4954215765693444
S02,O2h,0.35830093687851905
S02,OI1h,0.5227675129156995
S02,OI2h,0.4214599819646806
S02,OIz,0.39962336232284523
S02,P1,0.4395706223823084
S02,P10h,0.4035251919850926
S02,P2h,0.4672757998772072
S02,P3,0.5053409527825569
S02,P4,0.55795904316764
S02,P4h,0.622238086473015
S02,P5,0.4762861897124213
S02,P5h,0.46016819811666587
S02,P6,0.5184152107403335
S02,P6h,0.4340348874005599
S02,P7,0.5247244203915865
S02,P7h,0.4307767670068947
S02,P8,0.37566349874287536
S02,P8h,0.3245719496503904
S02,P9h,0.5768297582536366
S02,PO10h,0.32574485448844
S02,PO1h,0.3995273517410463
S02,PO2h,0.38017734130194636
S02,PO3h,0.32603553972014443
S02,PO4h,0.37641724565746326
S02,PO5h,0.4883519264258679
S02,PO6h,0.341836289597102
S02,PO7h,0.5264767206812173
S02,PO8h,0.563113346513806
S02,PO9h,0.44087591447160185
S02,POO10h,0.3744662806557618
S02,POO3h,0.4740907482419435
S02,POO4h,0.3335274976181409
S02,POO9h,0.4589459832169782
S02,POOz,0.6049885019681942
S02,POz,0.6301031860868793
S02,PPO1,0.5718868643282988
S02,PPO2h,0.42204743659916377
S02,PPO3,0.4748174492451845
S02,PPO3h,0.517838983018961
S02,PPO4,0.3765419242805494
S02,PPO4h,0.5075588030322477
S02,PPO5,0.34875323631148397
S02,PPO6,0.36399050401068356
S02,PPO7,0.45082374017695503
S02,PPO8,0.3027096664193051
S02,PPOz,0.3957495125958821
S02,T7,0.4508912871650714
S02,T7h,0.4967399008050816
S02,T8,0.3667908284085345
S02,T8h,0.451720919264514
S02,TP7,0.592608283539058
S02,TP7h,0.34408754669634367
S02,TP8,0.4157306788791637
S02,TP8h,0.3728678630100646
S02,TPP10h,0.2851748219187782
S02,TPP7,0.5150494896374161
S02,TPP7h,0.3861865532794315
S02,TPP8,0.4606170528181117
S02,TPP8h,0.31590394629645324
S02,TPP9h,0.33448515254762434
S02,TTP7h,0.4721310866468645
S02,TTP8h,0.21339472669228368
S03,AF1h,0.20049821230244017
S03,AF2h,0.23362111129960927
S03,AF3,0.4588293691222634
S03,AF4h,0.20036991875357246
S03,AF5,0.3524502067438625
S03,AF6,0.34685060195216244
S03,AFF1,0.29992824830319137
S03,AFF2,0.32939810604393494
S03,AFF3h,0.43417434125797527
S03,AFF4h,0.4523611118644869
S03,AFF5h,0.27810456302457504
S03,AFF6h,0.29674713229031896
S03,AFF7h,0.27274485590849984
S03,AFF8h,0.34395902016531954
S03,AFFz,0.4049775072976439
S03,AFp3h,0.2684758626390262
S03,AFpz,0.29922072261646
S03,C1,0.47911538527674513
S03,C1h,0.21457078695408743
S03,C2,0.33823088157186987
S03,C2h,0.41346741247903335
S03,C3,0.24513620346724224
S03,C3h,0.21421220600164456
S03,C4,0.24146161149155923
S03,C4h,0.47564695805920487
S03,C5,0.20277793454633702
S03,C5h,0.25649659244340556
S03,C6,0.2093850538704934
S03,C6h,0.233188840268661
S03,CCP1,0.3860447859884889
S03,CCP1h,0.27249167262172574
S03,CCP2,0.3707636151292031
S03,CCP2h,0.3770586148298378
S03,CCP3,0.4548305999269337
S03,CCP3h,0.2014224178735622
S03,CCP4h,0.45601083780271
S03,CCP5,0.38573572592809224
S03,CCP5h,0.2488230458314873
S03,CCP6,0.4318812164405852
S03,CCP6h,0.4566474625371757
S03,CP1,0.3744821210848822
S03,CP1h,0.6209586567613232
S03,CP2,0.4026949168606083
S03,CP2h,0.48646899150398976
S03,CP3,0.5661665854204471
S03,CP4,0.38377928420442
S03,CP5h,0.4969532616221517
S03,CP6h,0.35741506642255905
S03,CPP1h,0.5814488974353669
S03,CPP2h,0.4623734748070259
S03,CPP3,0.3757196297590796
S03,CPP3h,0.4207092413356982
S03,CPP4h,0.38533581483359636
S03,CPP5,0.326621127058716
S03,CPP5h,0.27767432549144344
S03,CPP6,0.45280398647411196
S03,CPP6h,0.3375410312156323
S03,CPPz,0.37380779054768404
S03,CPz,0.5144309259566558
S03,F1,0.4124273707050764
S03,F1h,0.42157411593721483
S03,F2,0.29514595133899363
S03,F2h,0.46700583713530863
S03,F3h,0.3781491644085343
S03,F4h,0.23780790252398798
S03,F5,0.24311559843666025
S03,F5h,0.40792862807891045
S03,F6,0.2518831809326234
S03,F6h,0.352187810474613
S03,F7,0.4975323427786132
S03,F8,0.20120228142000185
S03,FC1,0.2049739405692671
S03,FC1h,0.497925374579152
S03,FC2,0.3753916502402497
S03,FC2h,0.23807299265555396
S03,FC3,0.4691906599262281
S03,FC3h,0.46411409003830767
S03,FC4,0.3608601239334126
S03,FC4h,0.386537608958227
S03,FC5,0.2819561574502629
S03,FC5h,0.21515590891160155
S03,FC6,0.3783702826672593
S03,FC6h,0.2884265579608289
S03,FCC1h,0.39908631399810557
S03,FCC2,0.4508735530527804
S03,FCC2h,0.20544816317430922
S03,FCC3,0.3787141324057182
S03,FCC3h,0.2693841619060557
S03,FCC4,0.46216654937114043
S03,FCC4h,0.27609935196854857
S03,FCC5h,0.38323103997062546
S03,FCC6h,0.3660622520268835
S03,FCCz,0.31884995001777466
S03,FFC1,0.4032862290799382
S03,FFC1h,0.4177308904146302
S03,FFC2,0.37008133859581605
S03,FFC2h,0.4275266711554262
S03,FFC3,0.4950251227978813
S03,FFC3h,0.32578171637024156
S03,FFC4,0.35437491556565925
S03,FFC4h,0.20374096338236397
S03,FFC5,0.43880856689311354
S03,FFC6,0.35606902011379815
S03,FFCz,0.32238842910816956
S03,FFT7h,0.22822158892681876
S03,FFT8h,0.46689692650261916
S03,FT7,0.3185021720121669
S03,FT8,0.4047744794627661
S03,FT9h,0.24481224691044523
S03,FTT10h,0.48846488886230977
S03,FTT7,0.2535325285465493
S03,FTT7h,0.2598625978698471
S03,FTT8,0.45769485816731414
S03,FTT8h,0.47377482324257936
S03,Fp2h,0.2636442222569904
S03,Fpz,0.34094026645244835
S03,I1,0.42004847136884893
S03,I2,0.4635097201432405
S03,I2h,0.3137158085111916
S03,Iz,0.35510584605482876
S03,O1,0.5051696074230985
S03,O1h,0.4891217777217583
S03,O2,0.5627031812622267
S03,O2h,0.507043185732071
S03,OI1h,0.30605256676404735
S03,OI2h,0.5879769031482106
S03,OIz,0.522608042142136
S03,P1,0.5169444833056712
S03,P10h,0.2938241927715608
S03,P2h,0.33967128678435166
S03,P3,0.5405537642672233
S03,P4,0.3479747193931092
S03,P4h,0.5640196309046025
S03,P5,0.41735130760177613
S03,P5h,0.5359328702315903
S03,P6,0.6115635733949696
S03,P6h,0.4293950147337421
S03,P7,0.3712504396826379
S03,P7h,0.49517015436086764
S03,P8,0.4563459282922169
S03,P8h,0.4703548323566099
S03,P9h,0.4705000402766762
S03,PO10h,0.5991571829460498
S03,PO1h,0.3926148352226548
S03,PO2h,0.3490287988386649
S03,PO3h,0.4506725561971523
S03,PO4h,0.4292548392212602
S03,PO5h,0.3337268965474636
S03,PO6h,0.39245520010993906
S03,PO7h,0.5407670596328261
S03,PO8h,0.38406489364496466
S03,PO9h,0.5909243577608763
S03,POO10h,0.3720614492168285
S03,POO3h,0.3428976015429329
S03,POO4h,0.5094624955959529
S03,POO9h,0.5387313156519499
S03,POOz,0.424701190587
S03,POz,0.40301388044349407
S03,PPO1,0.3900621290375241
S03,PPO2h,0.5044241334864099
S03,PPO3,0.4650241449520002
S03,PPO3h,0.40429867481256027
S03,PPO4,0.339810944293092
S03,PPO4h,0.4425081651921149
S03,PPO5,0.5834449237421097
S03,PPO6,0.46977838784069925
S03,PPO7,0.4631338864245146
S03,PPO8,0.3121396358191183
S03,PPOz,0.35151172813511167
S03,T7,0.28843218487236283
S03,T7h,0.4294410657821703
S03,T8,0.4630132391793858
S03,T8h,0.4704925560699315
S03,TP7,0.6314275744046638
S03,TP7h,0.5614799568991379
S03,TP8,0.5366504431103944
S03,TP8h,0.3051596390038027
S03,TPP10h,0.3710891443464168
S03,TPP7,0.4252573445662423
S03,TPP7h,0.42970238323094334
S03,TPP8,0.35652695672994894
S03,TPP8h,0.5153095040715857
S03,TPP9h,0.47403311273884563
S03,TTP7h,0.36270932069066153
S03,TTP8h,0.24959339701018735
S04,AF1h,0.24618907477328794
S04,AF2h,0.32684009976403805
S04,AF3,0.38590055779095844
S04,AF4h,0.479870234723976
S04,AF5,0.49424634365991027
S04,AF6,0.2208921909774184
S04,AFF1,0.2413992552043716
S04,AFF2,0.4372213921687982
S04,AFF3h,0.28118964568125815
S04,AFF4h,0.4654547178519082
S04,AFF5h,0.3990359771687261
S04,AFF6h,0.23355344071420317
S04,AFF7h,0.44975878547720216
S04,AFF8h,0.25290691400242277
S04,AFFz,0.32704861840389615
S04,AFp3h,0.365655478567799
S04,AFpz,0.35022984472408347
S04,C1,0.4058488746845451
S04,C1h,0.39580602046077656
S04,C2,0.4976126016584165
S04,C2h,0.49982657276725634
S04,C3,0.35493782079069225
S04,C3h,0.2285597260882592
S04,C4,0.4183529896906155
S04,C4h,0.49299922346497677
S04,C5,0.2954979162887061
S04,C5h,0.33836266575127216
S04,C6,0.3274330774446368
S04,C6h,0.2154257463670788
S04,CCP1,0.40167932936703343
S04,CCP1h,0.30600130852054036
S04,CCP2,0.4362391623894507
S04,CCP2h,0.4496360225845958
S04,CCP3,0.44636923597935363
S04,CCP3h,0.32499979941196405
S04,CCP4h,0.29646370467226985
S04,CCP5,0.42464623390011647
S04,CCP5h,0.4404168301528169
S04,CCP6,0.3473772339174098
S04,CCP6h,0.4679093058608909
S04,CP1,0.37873682099380784
S04,CP1h,0.5324815631741914
S04,CP2,0.3382558393217224
S04,CP2h,0.38387239908193793
S04,CP3,0.44759839762708187
S04,CP4,0.28036616064978304
S04,CP5h,0.34693842064402525
S04,CP6h,0.29833197838592884
S04,CPP1h,0.4373342659441968
S04,CPP2h,0.5806015940194533
S04,CPP3,0.3211726481333819
S04,CPP3h,0.48817522050636675
S04,CPP4h,0.5339366320095758
S04,CPP5,0.3421621838387659
S04,CPP5h,0.30589902876428815
S04,CPP6,0.587715347927918
S04,CPP6h,0.5807090688037325
S04,CPPz,0.440122243336597
S04,CPz,0.5261396256291885
S04,F1,0.22782682322734843
S04,F1h,0.3183444553816263
S04,F2,0.42133926683191186
S04,F2h,0.27723558779718904
S04,F3h,0.4256986743300658
S04,F4h,0.35125358131724416
S04,F5,0.4250797963844699
S04,F5h,0.33940389135719884
S04,F6,0.3103713020665453
S04,F6h,0.2657567649435897
S04,F7,0.2625138024305045
S04,F8,0.4254472431714188
S04,FC1,0.23567310441018816
S04,FC1h,0.22579470503328355
S04,FC2,0.25288740950663907
S04,FC2h,0.2526039534361766
S04,FC3,0.4469322868420699
S04,FC3h,0.31955198704226373
S04,FC4,0.49711653720814475
S04,FC4h,0.24116337733718374
S04,FC5,0.396061947708093
S04,FC5h,0.3346188521603752
S04,FC6,0.3178754530091222
S04,FC6h,0.4625252597162247
S04,FCC1h,0.4926786937485199
S04,FCC2,0.4618576876322536
S04,FCC2h,0.2576902037105399
S04,FCC3,0.26623937636268025
S04,FCC3h,0.396822163728519
S04,FCC4,0.2867250744914575
S04,FCC4h,0.42041753923417396
S04,FCC5h,0.3699261952428934
S04,FCC6h,0.3652726305471209
S04,FCCz,0.44856407745163573
S04,FFC1,0.41315983152280333
S04,FFC1h,0.2079733294991875
S04,FFC2,0.21483774114380472
S04,FFC2h,0.3804675357368047
S04,FFC3,0.34585762268668263
S04,FFC3h,0.2780553966028974
S04,FFC4,0.3255968261944405
S04,FFC4h,0.42737309561985815
S04,FFC5,0.447983445397379
S04,FFC6,0.36836692036701324
S04,FFCz,0.31561084425713093
S04,FFT7h,0.28120902844853213
S04,FFT8h,0.35657554123077606
S04,FT7,0.2944248855693143
S04,FT8,0.3692285411141669
S04,FT9h,0.4029957147528913
S04,FTT10h,0.21982376327581846
S04,FTT7,0.20032023950682418
S04,FTT7h,0.2636831416522229
S04,FTT8,0.46835344931563433
S04,FTT8h,0.39388722896856776
S04,Fp2h,0.2515881055811069
S04,Fpz,0.46707918854708563
S04,I1,0.34098678208620203
S04,I2,0.3428275270035982
S04,I2h,0.48066258315279653
S04,Iz,0.217846007655002
S04,O1,0.3941323389053125
S04,O1h,0.48029896695452146
S04,O2,0.3629955123825873
S04,O2h,0.5437502603947387
S04,OI1h,0.4114080686656872
S04,OI2h,0.3502309234839624
S04,OIz,0.36038938683943034
S04,P1,0.4224605960718032
S04,P10h,0.3414756354742422
S04,P2h,0.32656751043427046
S04,P3,0.5472352500341254
S04,P4,0.35509448460431187
S04,P4h,0.3659712144815199
S04,P5,0.34456810723759945
S04,P5h,0.4018181763426389
S04,P6,0.42251060205093594
S04,P6h,0.4943676210619318
S04,P7,0.315134687520164
S04,P7h,0.5322619700506
S04,P8,0.5494819655771673
S04,P8h,0.3775229195920031
S04,P9h,0.3040913095017367
S04,PO10h,0.33617349906210153
S04,PO1h,0.5294884700571132
S04,PO2h,0.38430996225432257
S04,PO3h,0.5293507389174343
S04,PO4h,0.48119321885637173
S04,PO5h,0.5113028407251831
S04,PO6h,0.41415100593606213
S04,PO7h,0.5685155875649797
S04,PO8h,0.3201095023536219
S04,PO9h,0.4616243688853982
S04,POO10h,0.4009028890507248
S04,POO3h,0.5971926052837004
S04,POO4h,0.443245012710232
S04,POO9h,0.5719156517008026
S04,POOz,0.36288124894811397
S04,POz,0.6300039260894041
S04,PPO1,0.49447617476347294
S04,PPO2h,0.432891700456853
S04,PPO3,0.5503233244172653
S04,PPO3h,0.3868126041568217
S04,PPO4,0.4130416639340816
S04,PPO4h,0.5199951760239283
S04,PPO5,0.32624676540167763
S04,PPO6,0.42340300929009345
S04,PPO7,0.36201016595061464
S04,PPO8,0.2992659207752125
S04,PPOz,0.5419167937946512
S04,T7,0.3767993498382428
S04,T7h,0.3076018374583734
S04,T8,0.3226008132100139
S04,T8h,0.32945570110620637
S04,TP7,0.5121354325946804
S04,TP7h,0.5449181216079695
S04,TP8,0.6235008550836074
S04,TP8h,0.3862379517628467
S04,TPP10h,0.3595099741625829
S04,TPP7,0.43507872029211436
S04,TPP7h,0.4723352289395172
S04,TPP8,0.439364664912749
S04,TPP8h,0.4912927718788942
S04,TPP9h,0.51580119629689
S04,TTP7h,0.2962146640082228
S04,TTP8h,0.3037192417287898
S05,AF1h,0.3265298188143684
S05,AF2h,0.22004772641043888
S05,AF3,0.37788698934488485
S05,AF4h,0.26839033166695475
S05,AF5,0.39128269406871496
S05,AF6,0.21525003858454317
S05,AFF1,0.4944161303759005
S05,AFF2,0.3407015237038017
S05,AFF3h,0.46902661147720953
S05,AFF4h,0.34266835196988044
S05,AFF5h,0.21809924557226654
S05,AFF6h,0.44666406382814206
S05,AFF7h,0.3944551189001403
S05,AFF8h,0.43452711427218355
S05,AFFz,0.328450959052662
S05,AFp3h,0.3913810232739935
S05,AFpz,0.45686870113898226
S05,C1,0.38931963286156623
S05,C1h,0.304302090450771
S05,C2,0.39875887830985995
S05,C2h,0.40155625658422023
S05,C3,0.4881760887519875
S05,C3h,0.31127369646250075
S05,C4,0.32752453025423933
S05,C4h,0.44363688835611775
S05,C5,0.3517286944228224
S05,C5h,0.42097192793471994
S05,C6,0.33791283933607763
S05,C6h,0.26464854254381015
S05,CCP1,0.4235611528343033
S05,CCP1h,0.239346550755413
S05,CCP2,0.2595750990593924
S05,CCP2h,0.3880474948352626
S05,CCP3,0.42418094005762097
S05,CCP3h,0.46840636606034447
S05,CCP4h,0.2817759492247675
S05,CCP5,0.2332172775801663
S05,CCP5h,0.48681399785678875
S05,CCP6,0.24632692640664275
S05,CCP6h,0.25930009467639187
S05,CP1,0.43606171075386274
S05,CP1h,0.41819818860865876
S05,CP2,0.5560851612399459
S05,CP2h,0.5657177112716837
S05,CP3,0.49085239720544205
S05,CP4,0.38133345542068836
S05,CP5h,0.39558310573581784
S05,CP6h,0.4915193318150192
S05,CPP1h,0.38258076968804655
S05,CPP2h,0.3621609464042633
S05,CPP3,0.41951927253963883
S05,CPP3h,0.32186851388203863
S05,CPP4h,0.4757081915940308
S05,CPP5,0.527356535796587
S05,CPP5h,0.3539390303516289
S05,CPP6,0.3967820146171464
S05,CPP6h,0.5066791476955684
S05,CPPz,0.545588819744592
S05,CPz,0.5508742525625799
S05,F1,0.3344721899511821
S05,F1h,0.4461671247919582
S05,F2,0.27222592136428087
S05,F2h,0.3082431684252546
S05,F3h,0.2529066729253404
S05,F4h,0.34024536182857157
S05,F5,0.317618006724633
S05,F5h,0.27227813492429365
S05,F6,0.4255342127692345
S05,F6h,0.29415403163349396
S05,F7,0.2818412990437507
S05,F8,0.23926709925514852
S05,FC1,0.3316465105405846
S05,FC1h,0.29088938865119063
S05,FC2,0.3107818524022906
S05,FC2h,0.2707991787861658
S05,FC3,0.4289466469459701
S05,FC3h,0.4790010042064152
S05,FC4,0.3493795558366663
S05,FC4h,0.3928995270022498
S05,FC5,0.4601516829820118
S05,FC5h,0.4996488912000976
S05,FC6,0.38405494541894963
S05,FC6h,0.46693383996196064
S05,FCC1h,0.4725824739666926
S05,FCC2,0.4374354463422867
S05,FCC2h,0.33827941732193306
S05,FCC3,0.2243462001271698
S05,FCC3h,0.20474166663204016
S05,FCC4,0.3431601899848774
S05,FCC4h,0.34829436006038533
S05,FCC5h,0.3222087163588917
S05,FCC6h,0.37045020538740936
S05,FCCz,0.3656488109913281
S05,FFC1,0.4509839123098079
S05,FFC1h,0.23259713097867873
S05,FFC2,0.26755329983166365
S05,FFC2h,0.4379014936878891
S05,FFC3,0.45435106016709637
S05,FFC3h,0.49844726408626033
S05,FFC4,0.4618736049161252
S05,FFC4h,0.4669697021216993
S05,FFC5,0.2943043827889715
S05,FFC6,0.3204984902028129
S05,FFCz,0.28042553144616533
S05,FFT7h,0.3818898194578147
S05,FFT8h,0.4816416062621115
S05,FT7,0.30339226595348534
S05,FT8,0.36710053456443503
S05,FT9h,0.2888898891360455
S05,FTT10h,0.2509399921318123
S05,FTT7,0.25855565894559673
S05,FTT7h,0.217383603361439
S05,FTT8,0.4847880569027772
S05,FTT8h,0.32086388255228887
S05,Fp2h,0.45023626760063246
S05,Fpz,0.4043988418069073
S05,I1,0.2575763484233256
S05,I2,0.25263867397372636
S05,I2h,0.4435964604531635
S05,Iz,0.2794135131858612
S05,O1,0.6081925702878167
S05,O1h,0.3250367509666203
S05,O2,0.5219175712869308
S05,O2h,0.5799831258748541
S05,OI1h,0.3283513832171977
S05,OI2h,0.4093646495547741
S05,OIz,0.5701222124796634
S05,P1,0.3510415180222518
S05,P10h,0.44787726021531155
S05,P2h,0.4707343402460332
S05,P3,0.3554123458501446
S05,P4,0.5396207064695591
S05,P4h,0.5105382143536957
S05,P5,0.4189239628397785
S05,P5h,0.5627239403896541
S05,P6,0.3749560191987187
S05,P6h,0.31364636966457815
S05,P7,0.43485818783847474
S05,P7h,0.6175773786943854
S05,P8,0.3290683285860877
S05,P8h,0.3806582343342265
S05,P9h,0.41308144801999586
S05,PO10h,0.5376661051748765
S05,PO1h,0.31761611472708895
S05,PO2h,0.3772415444919882
S05,PO3h,0.496359532978647
S05,PO4h,0.40555922570171216
S05,PO5h,0.3809415571284999
S05,PO6h,0.3323549559174425
S05,PO7h,0.4559896270869894
S05,PO8h,0.44840495101571365
S05,PO9h,0.5845864938632659
S05,POO10h,0.4899313239040838
S05,POO3h,0.5070400088968727
S05,POO4h,0.6068680903987361
S05,POO9h,0.46635009290687457
S05,POOz,0.42018757911602944
S05,POz,0.5798698441285728
S05,PPO1,0.38396237245427056
S05,PPO2h,0.5426960876206326
S05,PPO3,0.4835569750140638
S05,PPO3h,0.33090514308583013
S05,PPO4,0.43862858062867954
S05,PPO4h,0.4023372398202233
S05,PPO5,0.35496323988437983
S05,PPO6,0.435980486608296
S05,PPO7,0.43304891110588967
S05,PPO8,0.5338757806478495
S05,PPOz,0.5403699104493538
S05,T7,0.4408161815865097
S05,T7h,0.27980926178649956
S05,T8,0.2822403181065825
S05,T8h,0.27641850503524024
S05,TP7,0.36743568694669293
S05,TP7h,0.6064861547110969
S05,TP8,0.3738292482274058
S05,TP8h,0.3744051327231654
S05,TPP10h,0.5194296276938206
S05,TPP7,0.4638662192738069
S05,TPP7h,0.2772715432973179
S05,TPP8,0.36124639284463755
S05,TPP8h,0.4743989383232567
S05,TPP9h,0.5490277148479524
S05,TTP7h,0.2632803165466139
S05,TTP8h,0.47521867677984264
S06,AF1h,0.26920373759835736
S06,AF2h,0.471737555874278
S06,AF3,0.35006289479400565
S06,AF4h,0.42682794431385584
S06,AF5,0.45491905742036814
S06,AF6,0.49964858328644146
S06,AFF1,0.26718369967818745
S06,AFF2,0.28606772406903647
S06,AFF3h,0.2751299260195665
S06,AFF4h,0.27886139964793477
S06,AFF5h,0.37473342246181324
S06,AFF6h,0.4980567569437529
S06,AFF7h,0.49708342612782636
S06,AFF8h,0.3580319694086923
S06,AFFz,0.39170816307940215
S06,AFp3h,0.45799116311048177
S06,AFpz,0.4798800375360516
S06,C1,0.26115818819886316
S06,C1h,0.35856251868273586
S06,C2,0.44985111639845365
S06,C2h,0.2909606229903775
S06,C3,0.33194271274414
S06,C3h,0.4956863304536024
S06,C4,0.4955140090162613
S06,C4h,0.47183204322955447
S06,C5,0.43953450344841727
S06,C5h,0.2807391502168417
S06,C6,0.29625502222015626
S06,C6h,0.3641848523614624
S06,CCP1,0.3682332123686036
S06,CCP1h,0.35165084580712014
S06,CCP2,0.39100108397489186
S06,CCP2h,0.3224969067898966
S06,CCP3,0.42475224719465987
S06,CCP3h,0.3000649779435066
S06,CCP4h,0.29920309908390574
S06,CCP5,0.23816778856754842
S06,CCP5h,0.2566136630086758
S06,CCP6,0.45515626367640727
S06,CCP6h,0.33388470157413247
S06,CP1,0.37143266507187356
S06,CP1h,0.5754550366482307
S06,CP2,0.43484266722064424
S06,CP2h,0.2864868670990066
S06,CP3,0.34801539720799857
S06,CP4,0.3422841943274076
S06,CP5h,0.4667802013533382
S06,CP6h,0.40051280572986503
S06,CPP1h,0.2876161796395683
S06,CPP2h,0.33396177199988775
S06,CPP3,0.45086573220654624
S06,CPP3h,0.29203882012334687
S06,CPP4h,0.5395236991454664
S06,CPP5,0.36829431079354363
S06,CPP5h,0.47862082687246327
S06,CPP6,0.41953629828849204
S06,CPP6h,0.4681177282735157
S06,CPPz,0.32873420527213404
S06,CPz,0.5122087571914644
S06,F1,0.4679157454259758
S06,F1h,0.20330500021526854
S06,F2,0.25358125270913534
S06,F2h,0.4711712566386437
S06,F3h,0.36484808384001743
S06,F4h,0.24501187347446304
S06,F5,0.26083713578274764
S06,F5h,0.3979958732711343
S06,F6,0.4174450466740619
S06,F6h,0.3798280425739806
S06,F7,0.4859445139737577
S06,F8,0.3482190810985331
S06,FC1,0.290081573642758
S06,FC1h,0.34316987299273893
S06,FC2,0.3078998880999833
S06,FC2h,0.2673247678024059
S06,FC3,0.21378897480204204
S06,FC3h,0.3056637480695373
S06,FC4,0.41342280431292266
S06,FC4h,0.20553134086255814
S06,FC5,0.3317535539617804
S06,FC5h,0.3932028204349605
S06,FC6,0.38312123275229215
S06,FC6h,0.43299453076661476
S06,FCC1h,0.44315591469793925
S06,FCC2,0.4135117462758163
S06,FCC2h,0.23083930884342485
S06,FCC3,0.3425067332013082
S06,FCC3h,0.38102178724628255
S06,FCC4,0.2736698116428355
S06,FCC4h,0.21276554529403297
S06,FCC5h,0.26707709626281406
S06,FCC6h,0.3364683205197917
S06,FCCz,0.32417909571638026
S06,FFC1,0.2530000943981485
S06,FFC1h,0.44732466280504785
S06,FFC2,0.47770600062101737
S06,FFC2h,0.2604044957158146
S06,FFC3,0.4788718746701665
S06,FFC3h,0.20535828775255427
S06,FFC4,0.4774887418120836
S06,FFC4h,0.4855786370242724
S06,FFC5,0.20361555890477756
S06,FFC6,0.42890578903302445
S06,FFCz,0.491060471770953
S06,FFT7h,0.4717706656453335
S06,FFT8h,0.4912130483588639
S06,FT7,0.3650970517092918
S06,FT8,0.22344684196561648
S06,FT9h,0.45493675934151084
S06,FTT10h,0.38414847674270347
S06,FTT7,0.38442102325648675
S06,FTT7h,0.32517608295760586
S06,FTT8,0.37155259295633275
S06,FTT8h,0.24607393372583436
S06,Fp2h,0.42193100796984506
S06,Fpz,0.22250519220546272
S06,I1,0.4189342301131376
S06,I2,0.4546935267874562
S06,I2h,0.34174060326934647
S06,Iz,0.3529491098171148
S06,O1,0.4293503210682805
S06,O1h,0.5506259031391623
S06,O2,0.49752972657194494
S06,O2h,0.40211431814937054
S06,OI1h,0.3066880111527113
S06,OI2h,0.36069548641774407
S06,OIz,0.41569803144427164
S06,P1,0.5720440213044766
S06,P10h,0.5127541669275061
S06,P2h,0.4025142978025134
S06,P3,0.5349024370784333
S06,P4,0.45283446977453157
S06,P4h,0.5481137513070405
S06,P5,0.3552906514637379
S06,P5h,0.48584938851440984
S06,P6,0.5697754750606685
S06,P6h,0.35310543404985284
S06,P7,0.5081459096553631
S06,P7h,0.5613739592950263
S06,P8,0.3303724804751977
S06,P8h,0.3330997091476114
S06,P9h,0.4935993821724307
S06,PO10h,0.4343120204297888
S06,PO1h,0.297045519363494
S06,PO2h,0.48956884324818223
S06,PO3h,0.5546034059783218
S06,PO4h,0.4322960227243039
S06,PO5h,0.4343277187345708
S06,PO6h,0.5179202127792559
S06,PO7h,0.45866758274194785
S06,PO8h,0.5198174427615202
S06,PO9h,0.4657395829058386
S06,POO10h,0.5943087633863606
S06,POO3h,0.4715833083510116
S06,POO4h,0.37772955679649195
S06,POO9h,0.5270465017994663
S06,POOz,0.45316579759637077
S06,POz,0.36459574585854404
S06,PPO1,0.3016918938856694
S06,PPO2h,0.5160457838535819
S06,PPO3,0.34580187356515635
S06,PPO3h,0.3427308609159493
S06,PPO4,0.34316057425162316
S06,PPO4h,0.4081789467000593
S06,PPO5,0.4405985767520005
S06,PPO6,0.41843066711454124
S06,PPO7,0.42759604179780974
S06,PPO8,0.34908593498492635
S06,PPOz,0.45291327394812664
S06,T7,0.3121154008647054
S06,T7h,0.39540049962201396
S06,T8,0.23260009124128056
S06,T8h,0.2041332065882151
S06,TP7,0.3401174065616853
S06,TP7h,0.3973793462785028
S06,TP8,0.4681981259419746
S06,TP8h,0.5386259787263886
S06,TPP10h,0.45060446817269695
S06,TPP7,0.4573699543438351
S06,TPP7h,0.520290441587258
S06,TPP8,0.26532535577089855
S06,TPP8h,0.41594193218731185
S06,TPP9h,0.4464125965920738
S06,TTP7h,0.3263840383049764
S06,TTP8h,0.23008621954857508
S07,AF1h,0.3065494660981616
S07,AF2h,0.3357350704504274
S07,AF3,0.3248485040201873
S07,AF4h,0.257013564787879
S07,AF5,0.46951261518181236
S07,AF6,0.27599228021169314
S07,AFF1,0.41158172284329547
S07,AFF2,0.22014670332049188
S07,AFF3h,0.21162539945852885
S07,AFF4h,0.39611914177307617
S07,AFF5h,0.3017047572719781
S07,AFF6h,0.3966378178160004
S07,AFF7h,0.22820636065064911
S07,AFF8h,0.484955413974759
S07,AFFz,0.42455434006792864
S07,AFp3h,0.4628801699077398
S07,AFpz,0.2409411662133533
S07,C1,0.2960482906678608
S07,C1h,0.3105032492619032
S07,C2,0.3611517944980456
S07,C2h,0.2890605456522243
S07,C3,0.21818922265682156
S07,C3h,0.3106635142212412
S07,C4,0.2763647943881846
S07,C4h,0.31577638743896447
S07,C5,0.25908786278600787
S07,C5h,0.27856891236942066
S07,C6,0.38808570212968063
S07,C6h,0.3164461503734195
S07,CCP1,0.3036150179508476
S07,CCP1h,0.3601716898167119
S07,CCP2,0.4315581622531777
S07,CCP2h,0.3136603869043872
S07,CCP3,0.37625584776675214
S07,CCP3h,0.4898607876104529
S07,CCP4h,0.35659403423541525
S07,CCP5,0.47293927295526333
S07,CCP5h,0.43810178727692806
S07,CCP6,0.2176156044950449
S07,CCP6h,0.3287296614407771
S07,CP1,0.5166525008112482
S07,CP1h,0.5509209785068873
S07,CP2,0.42794053298149864
S07,CP2h,0.3361334624445779
S07,CP3,0.4771218875443566
S07,CP4,0.35370253381402544
S07,CP5h,0.5474774709840844
S07,CP6h,0.466457819572619
S07,CPP1h,0.5460537260521294
S07,CPP2h,0.5732846115320163
S07,CPP3,0.49243517140255366
S07,CPP3h,0.49435144166473555
S07,CPP4h,0.48649042530722264
S07,CPP5,0.5300521545083522
S07,CPP5h,0.5634561139489139
S07,CPP6,0.3482277802450357
S07,CPP6h,0.4847622446681361
S07,CPPz,0.32392160078645515
S07,CPz,0.5673312622789755
S07,F1,0.39451930556100834
S07,F1h,0.32606674370973143
S07,F2,0.2564312684364054
S07,F2h,0.30170708777594796
S07,F3h,0.4111333083620674
S07,F4h,0.26130786356349167
S07,F5,0.22807488360151185
S07,F5h,0.4664086274682653
S07,F6,0.4292631048740351
S07,F6h,0.2599384791974398
S07,F7,0.2876934630289975
S07,F8,0.49162105313926574
S07,FC1,0.41245534602773526
S07,FC1h,0.3831566012641474
S07,FC2,0.2922885456272391
S07,FC2h,0.2897375432499567
S07,FC3,0.21185708560706915
S07,FC3h,0.4185445600705794
S07,FC4,0.21295256751706537
S07,FC4h,0.20145720133318373
S07,FC5,0.4188485263582937
S07,FC5h,0.4846621271447376
S07,FC6,0.42695091431819315
S07,FC6h,0.34149205718731357
S07,FCC1h,0.3458135748682619
S07,FCC2,0.33084092679473165
S07,FCC2h,0.2973931001331001
S07,FCC3,0.35651426425575206
S07,FCC3h,0.3293452871423345
S07,FCC4,0.3794503640122324
S07,FCC4h,0.46943602415032837
S07,FCC5h,0.4985028251971431
S07,FCC6h,0.22362298696487515
S07,FCCz,0.31540504179840245
S07,FFC1,0.2542118587300429
S07,FFC1h,0.3056361421776601
S07,FFC2,0.2862419055645269
S07,FFC2h,0.2523611394880365
S07,FFC3,0.4292228160263871
S07,FFC3h,0.34888662284877076
S07,FFC4,0.47577367466516773
S07,FFC4h,0.20977773297410435
S07,FFC5,0.22009340393959698
S07,FFC6,0.32098207487910324
S07,FFCz,0.22408319612121114
S07,FFT7h,0.27881887892445006
S07,FFT8h,0.49580892292298706
S07,FT7,0.2626878822453842
S07,FT8,0.2594353224236272
S07,FT9h,0.37209220063871273
S07,FTT10h,0.349399487237947
S07,FTT7,0.3741314891608535
S07,FTT7h,0.313020583462564
S07,FTT8,0.44802870796848415
S07,FTT8h,0.24157416543273885
S07,Fp2h,0.3285177937524397
S07,Fpz,0.40692855453322613
S07,I1,0.4604709320848699
S07,I2,0.3108714819070273
S07,I2h,0.37032367972812585
S07,Iz,0.22074198350217847
S07,O1,0.31619503957705547
S07,O1h,0.36208481472114074
S07,O2,0.5586132643418484
S07,O2h,0.4193267489502325
S07,OI1h,0.5302521787881599
S07,OI2h,0.33193414945953714
S07,OIz,0.5726856061161478
S07,P1,0.5697086145551088
S07,P10h,0.2783268429747005
S07,P2h,0.35293620985322094
S07,P3,0.32544702004115533
S07,P4,0.5842356358842623
S07,P4h,0.35813923062170505
S07,P5,0.41572171674903624
S07,P5h,0.4288467269416614
S07,P6,0.5393766698001735
S07,P6h,0.4403684192723464
S07,P7,0.4341699576145886
S07,P7h,0.571710190630943
S07,P8,0.34779335447449544
S07,P8h,0.5367389955931289
S07,P9h,0.3625181119861463
S07,PO10h,0.41058736164858445
S07,PO1h,0.5478670039426158
S07,PO2h,0.4789602367736935
S07,PO3h,0.5098953034334356
S07,PO4h,0.3789232103743605
S07,PO5h,0.43994648395086355
S07,PO6h,0.454974496107136
S07,PO7h,0.434955071596785
S07,PO8h,0.4579455359686001
S07,PO9h,0.3505735258636152
S07,POO10h,0.3678830309847135
S07,POO3h,0.3716278402961959
S07,POO4h,0.362613652913541
S07,POO9h,0.3567493894355821
S07,POOz,0.579462351441243
S07,POz,0.5053089890338328
S07,PPO1,0.34179337816245786
S07,PPO2h,0.5185522667605631
S07,PPO3,0.5439064655272408
S07,PPO3h,0.32538600486633396
S07,PPO4,0.3051753638786305
S07,PPO4h,0.31808476956027204
S07,PPO5,0.36373063161552316
S07,PPO6,0.48025572840738306
S07,PPO7,0.6019142492951465
S07,PPO8,0.3385649720311388
S07,PPOz,0.5570987705253556
S07,T7,0.22155864975228803
S07,T7h,0.3776398474711
S07,T8,0.42682258472847134
S07,T8h,0.3077613191803213
S07,TP7,0.26550937005348096
S07,TP7h,0.5211750252651142
S07,TP8,0.5499751287971654
S07,TP8h,0.41090520194732627
S07,TPP10h,0.3145214258121345
S07,TPP7,0.3066405889865467
S07,TPP7h,0.41696610060813005
S07,TPP8,0.4734592003616861
S07,TPP8h,0.5211171738228599
S07,TPP9h,0.4925212732348556
S07,TTP7h,0.46776244843852616
S07,TTP8h,0.4417318095026904
S08,AF1h,0.43029830980962247
S08,AF2h,0.46793909182100973
S08,AF3,0.39577017553012456
S08,AF4h,0.23732311661795719
S08,AF5,0.28861723841295517
S08,AF6,0.47399548904968397
S08,AFF1,0.22662034790236676
S08,AFF2,0.32205675181724797
S08,AFF3h,0.4827513857700444
S08,AFF4h,0.4851994524408457
S08,AFF5h,0.3233609531146677
S08,AFF6h,0.4002190664296392
S08,AFF7h,0.3370236795061997
S08,AFF8h,0.4260381618309025
S08,AFFz,0.20947439920789956
S08,AFp3h,0.24324714467640754
S08,AFpz,0.38425964106307975
S08,C1,0.26976567873291907
S08,C1h,0.39981568978074455
S08,C2,0.3053668782383895
S08,C2h,0.4659936674383464
S08,C3,0.4457778156679959
S08,C3h,0.34785134002063467
S08,C4,0.43186852612845733
S08,C4h,0.2813413658705271
S08,C5,0.3482779330435588
S08,C5h,0.2592446155589835
S08,C6,0.45826585055629815
S08,C6h,0.4469202849705245
S08,CCP1,0.47064490052270036
S08,CCP1h,0.46324309436727784
S08,CCP2,0.48787887861784845
S08,CCP2h,0.2685008694895778
S08,CCP3,0.47954728723859463
S08,CCP3h,0.3713639574055993
S08,CCP4h,0.3267485251754456
S08,CCP5,0.3681121687903619
S08,CCP5h,0.30278070699508336
S08,CCP6,0.28656590208828564
S08,CCP6h,0.27239430139325865
S08,CP1,0.33059582648464364
S08,CP1h,0.42722290927282736
S08,CP2,0.5760011377573591
S08,CP2h,0.4825060083504119
S08,CP3,0.4986239460577575
S08,CP4,0.40735877697141176
S08,CP5h,0.4572350247390469
S08,CP6h,0.3181886354334452
S08,CPP1h,0.5924668165768217
S08,CPP2h,0.40759063577529364
S08,CPP3,0.5388942899198351
S08,CPP3h,0.5245167506052031
S08,CPP4h,0.44446005654104637
S08,CPP5,0.590129546511245
S08,CPP5h,0.41095051544989725
S08,CPP6,0.5366805703289539
S08,CPP6h,0.5139446672955178
S08,CPPz,0.5359048421102067
S08,CPz,0.5320149678554651
S08,F1,0.4539029050969908
S08,F1h,0.4979296588152908
S08,F2,0.32604885635739156
S08,F2h,0.4441747051128711
S08,F3h,0.42337392785541006
S08,F4h,0.3358610497136054
S08,F5,0.4780846999197536
S08,F5h,0.31832777887177843
S08,F6,0.36963977488287125
S08,F6h,0.2317827070972885
S08,F7,0.26773255821987985
S08,F8,0.4522088511601282
S08,FC1,0.3189658168486542
S08,FC1h,0.31822522682457743
S08,FC2,0.2737943054571861
S08,FC2h,0.34748310028923635
S08,FC3,0.4417450884051867
S08,FC3h,0.4685492353321219
S08,FC4,0.22103432961325517
S08,FC4h,0.37244621937203465
S08,FC5,0.34018201036770035
S08,FC5h,0.3842845551414735
S08,FC6,0.33418270607248074
S08,FC6h,0.31959344625602454
S08,FCC1h,0.3415642137288468
S08,FCC2,0.37459973862692425
S08,FCC2h,0.350294963309533
S08,FCC3,0.34164333530619384
S08,FCC3h,0.4453505929874242
S08,FCC4,0.42369439737135733
S08,FCC4h,0.30241354825435784
S08,FCC5h,0.4401731352545961
S08,FCC6h,0.45609520070135007
S08,FCCz,0.24604766161225716
S08,FFC1,0.37480473851922763
S08,FFC1h,0.28559359807976414
S08,FFC2,0.4217516965780168
S08,FFC2h,0.27163559880760496
S08,FFC3,0.4014210572519096
S08,FFC3h,0.27653739681729017
S08,FFC4,0.35334312902898296
S08,FFC4h,0.48459394037485765
S08,FFC5,0.31439226153693034
S08,FFC6,0.4627215457889623
S08,FFCz,0.4960833743611684
S08,FFT7h,0.46245525464154896
S08,FFT8h,0.24975980891700286
S08,FT7,0.4458974658605489
S08,FT8,0.2096448185301684
S08,FT9h,0.31799056510979234
S08,FTT10h,0.46122001199535917
S08,FTT7,0.40662566382797594
S08,FTT7h,0.3598221282013634
S08,FTT8,0.3163592075247862
S08,FTT8h,0.4436890839410858
S08,Fp2h,0.41286752118446624
S08,Fpz,0.340521595884702
S08,I1,0.4677453011628979
S08,I2,0.2689844053455897
S08,I2h,0.25111745274758746
S08,Iz,0.3928411293000745
S08,O1,0.5504421797379966
S08,O1h,0.42162706124626004
S08,O2,0.345302428335552
S08,O2h,0.35415680474486055
S08,OI1h,0.5501774231123688
S08,OI2h,0.35631444347111807
S08,OIz,0.4940778908654126
S08,P1,0.562184516244687
S08,P10h,0.35334917138423744
S08,P2h,0.45485833326239306
S08,P3,0.4685642032003392
S08,P4,0.5890248860713825
S08,P4h,0.36234456690373057
S08,P5,0.46538884396223157
S08,P5h,0.35716253271509346
S08,P6,0.5426842573884811
S08,P6h,0.5003310911450793
S08,P7,0.3443377393167523
S08,P7h,0.4353884936690209
S08,P8,0.563496229347573
S08,P8h,0.26631069991334183
S08,P9h,0.36403962869534734
S08,PO10h,0.5019519646151142
S08,PO1h,0.3536752571812623
S08,PO2h,0.402499764597382
S08,PO3h,0.48795024912241647
S08,PO4h,0.3052052320435848
S08,PO5h,0.42499214056983914
S08,PO6h,0.5294232064832812
S08,PO7h,0.42858756924708546
S08,PO8h,0.33691179764314516
S08,PO9h,0.5717225946057776
S08,POO10h,0.36130798605765346
S08,POO3h,0.5159620704854453
S08,POO4h,0.427897762831419
S08,POO9h,0.5442578472182127
S08,POOz,0.33264558823099577
S08,POz,0.36231218546713995
S08,PPO1,0.4872984755791374
S08,PPO2h,0.32656413297855313
S08,PPO3,0.3647683523740847
S08,PPO3h,0.4993620859422496
S08,PPO4,0.5098036644353849
S08,PPO4h,0.29869832245724603
S08,PPO5,0.5157419881401191
S08,PPO6,0.5879177529684502
S08,PPO7,0.5331535139249637
S08,PPO8,0.5410161606421893
S08,PPOz,0.4691104083686872
S08,T7,0.35752797000345915
S08,T7h,0.39583616734739446
S08,T8,0.47573289936998153
S08,T8h,0.23015660042501254
S08,TP7,0.4404986841553697
S08,TP7h,0.3592659404438464
S08,TP8,0.5487993382779872
S08,TP8h,0.46124850743474544
S08,TPP10h,0.4673980325333277
S08,TPP7,0.5936741300075066
S08,TPP7h,0.5990879319898044
S08,TPP8,0.3321728461433504
S08,TPP8h,0.5055563314488879
S08,TPP9h,0.5174077782589214
S08,TTP7h,0.21466261305526269
S08,TTP8h,0.426227168055672
S09,AF1h,0.43917865768166825
S09,AF2h,0.49093811232521584
S09,AF3,0.23022845633641192
S09,AF4h,0.3776536230517008
S09,AF5,0.277145142209233
S09,AF6,0.36288251173172226
S09,AFF1,0.29613646566903656
S09,AFF2,0.28503966507300726
S09,AFF3h,0.3721535906073793
S09,AFF4h,0.2549954485608621
S09,AFF5h,0.3407400310916351
S09,AFF6h,0.39524367951321043
S09,AFF7h,0.23845462195484124
S09,AFF8h,0.4791782812630712
S09,AFFz,0.35171740983623745
S09,AFp3h,0.44585839156530266
S09,AFpz,0.396171629186319
S09,C1,0.41300028236676367
S09,C1h,0.4148392822978514
S09,C2,0.4625299691184418
S09,C2h,0.38408163051407723
S09,C3,0.2834651455164169
S09,C3h,0.22985289285963717
S09,C4,0.38187518583504243
S09,C4h,0.21990584113117434
S09,C5,0.2723880355068591
S09,C5h,0.21821215538057354
S09,C6,0.36466627670197016
S09,C6h,0.24810143748286043
S09,CCP1,0.383122195830042
S09,CCP1h,0.4372595392589803
S09,CCP2,0.44656421623155873
S09,CCP2h,0.29286305244128824
S09,CCP3,0.36468635980834885
S09,CCP3h,0.3689032280259077
S09,CCP4h,0.34186615464625
S09,CCP5,0.3965341674274294
S09,CCP5h,0.2630261371470601
S09,CCP6,0.4937729718760383
S09,CCP6h,0.22942394812727973
S09,CP1,0.5068208370322471
S09,CP1h,0.5009298866814919
S09,CP2,0.4098638712323297
S09,CP2h,0.48803238412333905
S09,CP3,0.3041761254841685
S09,CP4,0.5018282970991177
S09,CP5h,0.4296811443655469
S09,CP6h,0.3385682325076188
S09,CPP1h,0.34384388594147586
S09,CPP2h,0.5400386481194458
S09,CPP3,0.3766861266813759
S09,CPP3h,0.5722915798241546
S09,CPP4h,0.4880318369726753
S09,CPP5,0.4748874452875832
S09,CPP5h,0.4267612777453336
S09,CPP6,0.5388341304884751
S09,CPP6h,0.626718214936967
S09,CPPz,0.3691359787611074
S09,CPz,0.4127880543118439
S09,F1,0.2704016796384783
S09,F1h,0.3179750403202
S09,F2,0.42269979645618394
S09,F2h,0.34227277442761594
S09,F3h,0.3712191818360739
S09,F4h,0.2942464664235027
S09,F5,0.24238678012613019
S09,F5h,0.28008009468131856
S09,F6,0.4579040903725961
S09,F6h,0.38072508864602317
S09,F7,0.31339660195917013
S09,F8,0.43697179452067625
S09,FC1,0.21933722973647263
S09,FC1h,0.2761673263767157
S09,FC2,0.2690309462172018
S09,FC2h,0.4956093686504666
S09,FC3,0.4118295747178281
S09,FC3h,0.3853357809165663
S09,FC4,0.20149548958834188
S09,FC4h,0.2552930006269572
S09,FC5,0.3906623878919235
S09,FC5h,0.31391579794449975
S09,FC6,0.47728411510371826
S09,FC6h,0.42941726574252737
S09,FCC1h,0.334215221841236
S09,FCC2,0.42485449326148117
S09,FCC2h,0.49262129714786645
S09,FCC3,0.33829424741044123
S09,FCC3h,0.39275776636656
S09,FCC4,0.47559938451838857
S09,FCC4h,0.274602398610852
S09,FCC5h,0.4659673740998835
S09,FCC6h,0.22926341203189482
S09,FCCz,0.39453445117629393
S09,FFC1,0.4348514465167353
S09,FFC1h,0.38438186577572786
S09,FFC2,0.3486604412457629
S09,FFC2h,0.3852041299777058
S09,FFC3,0.2454991126338334
S09,FFC3h,0.2646712130990655
S09,FFC4,0.28096980318690257
S09,FFC4h,0.37933380218901147
S09,FFC5,0.3325703221235211
S09,FFC6,0.27334275274575187
S09,FFCz,0.46484279964337405
S09,FFT7h,0.312176552087967
S09,FFT8h,0.33380951576896734
S09,FT7,0.32291032296469835
S09,FT8,0.2545828865830258
S09,FT9h,0.41948810462907005
S09,FTT10h,0.3345374786806574
S09,FTT7,0.20487713296781554
S09,FTT7h,0.4892041107079391
S09,FTT8,0.4447290834786241
S09,FTT8h,0.417067806227541
S09,Fp2h,0.4607275611555587
S09,Fpz,0.4720421760816651
S09,I1,0.3012469119153316
S09,I2,0.38328760352500957
S09,I2h,0.3826423427616783
S09,Iz,0.2801899006431791
S09,O1,0.33939361622976183
S09,O1h,0.3030500662320732
S09,O2,0.5241353881481938
S09,O2h,0.5794299166242622
S09,OI1h,0.4923038680754343
S09,OI2h,0.440850735072905
S09,OIz,0.371054205487071
S09,P1,0.45025029407271233
S09,P10h,0.48503667588641136
S09,P2h,0.5961380274260248
S09,P3,0.5944280571007851
S09,P4,0.573164364525318
S09,P4h,0.5584145742922639
S09,P5,0.5717570615772349
S09,P5h,0.400175758529029
S09,P6,0.33070606832255023
S09,P6h,0.27842960656316856
S09,P7,0.39464634764003975
S09,P7h,0.3367291138265092
S09,P8,0.320054893140592
S09,P8h,0.5998342236423326
S09,P9h,0.37147353954367857
S09,PO10h,0.5799192729941405
S09,PO1h,0.48726884974531126
S09,PO2h,0.4856210932835079
S09,PO3h,0.4880801752126428
S09,PO4h,0.4214882123833321
S09,PO5h,0.5018307722373898
S09,PO6h,0.3551642122180795
S09,PO7h,0.5800098379912934
S09,PO8h,0.43716769071421996
S09,PO9h,0.4021853758584077
S09,POO10h,0.5130467955042601
S09,POO3h,0.4948568767087523
S09,POO4h,0.38803758563348795
S09,POO9h,0.5339847967392166
S09,POOz,0.3297653187049898
S09,POz,0.47759240040866086
S09,PPO1,0.4311241010973253
S09,PPO2h,0.4037197601533896
S09,PPO3,0.30339035781306417
S09,PPO3h,0.35590168821340706
S09,PPO4,0.35192547448941824
S09,PPO4h,0.4462155934619677
S09,PPO5,0.31428230140610003
S09,PPO6,0.401241096532123
S09,PPO7,0.5062122255012362
S09,PPO8,0.3432686280759505
S09,PPOz,0.5183329955362457
S09,T7,0.48318413775877894
S09,T7h,0.32803868649931345
S09,T8,0.470331593945203
S09,T8h,0.22949497733775934
S09,TP7,0.2714430523145327
S09,TP7h,0.49753297417457437
S09,TP8,0.4795530378782371
S09,TP8h,0.546321033865357
S09,TPP10h,0.3378133945280021
S09,TPP7,0.563207009629243
S09,TPP7h,0.4233923502188667
S09,TPP8,0.4256887101160508
S09,TPP8h,0.3425573967797001
S09,TPP9h,0.6336819350368058
S09,TTP7h,0.2190990767956591
S09,TTP8h,0.44810240438239984
S10,AF1h,0.48324369399813977
S10,AF2h,0.28249126215113496
S10,AF3,0.20786044525633796
S10,AF4h,0.2728022128865081
S10,AF5,0.31000626837722833
S10,AF6,0.30540490498677925
S10,AFF1,0.35740025283307153
S10,AFF2,0.464938064610777
S10,AFF3h,0.28770146813290975
S10,AFF4h,0.35623118238775064
S10,AFF5h,0.3020416861065438
S10,AFF6h,0.4465319178119601
S10,AFF7h,0.24728045398654352
S10,AFF8h,0.23105308049301757
S10,AFFz,0.3508985759712805
S10,AFp3h,0.40156627572964754
S10,AFpz,0.43865756032722997
S10,C1,0.3768874558715949
S10,C1h,0.4321549283957002
S10,C2,0.3178130175682771
S10,C2h,0.2098603010799407
S10,C3,0.23482979237046697
S10,C3h,0.21161678036869885
S10,C4,0.2986830951429478
S10,C4h,0.3486474023806047
S10,C5,0.3068952450970818
S10,C5h,0.36817984251991764
S10,C6,0.3441827445478363
S10,C6h,0.40338284055918205
S10,CCP1,0.40008864906902186
S10,CCP1h,0.29541924413260384
S10,CCP2,0.30386433660832746
S10,CCP2h,0.375544346492391
S10,CCP3,0.3789297403672526
S10,CCP3h,0.29440997409113995
S10,CCP4h,0.29909536573262757
S10,CCP5,0.4082135039558441
S10,CCP5h,0.39422324686282084
S10,CCP6,0.24051524140393243
S10,CCP6h,0.33231256390261804
S10,CP1,0.597722568457171
S10,CP1h,0.3107196187023756
S10,CP2,0.5991334018330092
S10,CP2h,0.3612225815548475
S10,CP3,0.4536065230499831
S10,CP4,0.44840786407466865
S10,CP5h,0.3034320976454611
S10,CP6h,0.6150697161688343
S10,CPP1h,0.40492216428897587
S10,CPP2h,0.633615351402775
S10,CPP3,0.41724222547888457
S10,CPP3h,0.5959560682112787
S10,CPP4h,0.5750076554357962
S10,CPP5,0.500769879844994
S10,CPP5h,0.3414807447180358
S10,CPP6,0.5317690474881336
S10,CPP6h,0.42873843579774035
S10,CPPz,0.5640640913520386
S10,CPz,0.4263548848791209
S10,F1,0.2805540942919466
S10,F1h,0.24148610044823215
S10,F2,0.40959007060600383
S10,F2h,0.49223288569417467
S10,F3h,0.20850313117141955
S10,F4h,0.422133606433438
S10,F5,0.4780791087679
S10,F5h,0.22243446026820482
S10,F6,0.23305101353183996
S10,F6h,0.4075871295349126
S10,F7,0.3943890127687365
S10,F8,0.2206482245948737
S10,FC1,0.45032682564534693
S10,FC1h,0.3570271543534677
S10,FC2,0.47215921200098376
S10,FC2h,0.4633972642978113
S10,FC3,0.4437523307150497
S10,FC3h,0.3547696688733264
S10,FC4,0.2755131925248297
S10,FC4h,0.3517926511733398
S10,FC5,0.23024341334053403
S10,FC5h,0.39765384454202785
S10,FC6,0.2401931657687023
S10,FC6h,0.35335188875021695
S10,FCC1h,0.21631459225004535
S10,FCC2,0.28985374708239375
S10,FCC2h,0.26962413820093634
S10,FCC3,0.3860094628135011
S10,FCC3h,0.4360360136067526
S10,FCC4,0.21719088636215786
S10,FCC4h,0.45508510554661524
S10,FCC5h,0.45823030848638135
S10,FCC6h,0.30268072228640686
S10,FCCz,0.3977012197910966
S10,FFC1,0.32078390951103486
S10,FFC1h,0.24625726465688946
S10,FFC2,0.35859872556893313
S10,FFC2h,0.225907902350479
S10,FFC3,0.4635416466187964
S10,FFC3h,0.47728692782288257
S10,FFC4,0.44648394110342104
S10,FFC4h,0.3687584362267936
S10,FFC5,0.3672795773376365
S10,FFC6,0.49538221298027896
S10,FFCz,0.2743705069493549
S10,FFT7h,0.22278450977156225
S10,FFT8h,0.3685822770803533
S10,FT7,0.298635679343031
S10,FT8,0.29670163184241327
S10,FT9h,0.2021256062509844
S10,FTT10h,0.3788718228643799
S10,FTT7,0.2792101106826842
S10,FTT7h,0.25635756445780433
S10,FTT8,0.21212957941790112
S10,FTT8h,0.3093084729426834
S10,Fp2h,0.4636906617159372
S10,Fpz,0.3010012422792117
S10,I1,0.4037222630358781
S10,I2,0.4269640890205722
S10,I2h,0.29843024275705987
S10,Iz,0.44649222050361237
S10,O1,0.4637450940072563
S10,O1h,0.49998539600069614
S10,O2,0.27196229277162226
S10,O2h,0.34098183040863717
S10,OI1h,0.6006975975581801
S10,OI2h,0.5123423784167581
S10,OIz,0.5342905724560911
S10,P1,0.6022742970080688
S10,P10h,0.27377890908975594
S10,P2h,0.4927346985013095
S10,P3,0.46093149628593444
S10,P4,0.5218717834374946
S10,P4h,0.2909481358081806
S10,P5,0.3611665490882412
S10,P5h,0.5613149806070803
S10,P6,0.5176391891911301
S10,P6h,0.45693363733948955
S10,P7,0.3713018294674948
S10,P7h,0.36342373490309854
S10,P8,0.5717947111731305
S10,P8h,0.39005727605707874
S10,P9h,0.39999066798509697
S10,PO10h,0.45740511341182466
S10,PO1h,0.46079738661830427
S10,PO2h,0.42153054405145285
S10,PO3h,0.4009680975062704
S10,PO4h,0.5888490434348157
S10,PO5h,0.6117167733554774
S10,PO6h,0.5975781612742026
S10,PO7h,0.44333621715833976
S10,PO8h,0.42462562334492715
S10,PO9h,0.48269411708134785
S10,POO10h,0.5143559283012923
S10,POO3h,0.4568945120713023
S10,POO4h,0.5175764670537134
S10,POO9h,0.5109120727628549
S10,POOz,0.5140005880617831
S10,POz,0.5034655402567234
S10,PPO1,0.34717865254287855
S10,PPO2h,0.47857972327100023
S10,PPO3,0.514312039470912
S10,PPO3h,0.2829467874102122
S10,PPO4,0.5639403327786322
S10,PPO4h,0.4608235809227004
S10,PPO5,0.29407436368020373
S10,PPO6,0.5686928399087889
S10,PPO7,0.48221743825577845
S10,PPO8,0.5200611154137829
S10,PPOz,0.41631728789647254
S10,T7,0.45626075200849764
S10,T7h,0.3242082746397087
S10,T8,0.3711527458836774
S10,T8h,0.20019269110996213
S10,TP7,0.5049754934022008
S10,TP7h,0.5035937604786712
S10,TP8,0.4240238917240592
S10,TP8h,0.45899497325219296
S10,TPP10h,0.5022067062070498
S10,TPP7,0.5086662222543252
S10,TPP7h,0.4086172627431812
S10,TPP8,0.5800805362534743
S10,TPP8h,0.49212130774025464
S10,TPP9h,0.5511201020554872
S10,TTP7h,0.4913783948806605
S10,TTP8h,0.475672916843027
